epochhours,last_price,firm_executable_bid,firm_executable_ask,market_estimate_bid,market_estimate_ask
1603087200,,,,122.314,122.9415436
1603087200,,122.3357391,122.9604348,,
1603090800,,122.374,122.9944286,,
1603090800,,,,122.2885524,122.9120632
1603094400,,,,122.3865774,123.009203
1603094400,,122.4921818,123.0939091,,
1603098000,,122.4512,123.053,,
1603098000,,,,122.3393509,122.9608123
1603101600,,122.4263636,123.0287273,,
1603101600,,,,122.3149575,122.9278265
1603105200,,,,122.2396472,122.849806
1603105200,,122.3116667,122.9898,,
1603108800,,122.3994,123.002,,
1603108800,,,,122.2910694,122.905238
1603112400,,122.5113125,123.105875,,
1603112400,,,,122.3682283,122.9901768
1603116000,,122.5100625,123.1035,,
1603116000,,,,122.3686468,122.9907984
1603119600,,122.544,123.1380909,,
1603119600,,,,122.4154323,123.034816
1603148400,,,,122.439,123.072
1603173600,,122.5013333,123.09425,,
1603173600,,,,122.4633149,123.0546519
1603177200,,122.479513,123.0896696,,
1603177200,,,,122.4140159,123.0525302
1603180800,,,,122.3781117,123.0145369
1603180800,,122.0964615,123.5669231,,
1603184400,,,,122.3723564,123.0082128
1603184400,,122.0821538,123.5741538,,
1603188000,,121.99,123.5841333,,
1603188000,,,,122.322396,122.9590768
1603191600,,,,122.3129606,122.9476717
1603191600,,121.9747857,123.5853571,,
1603195200,,121.9346923,123.5947692,,
1603195200,,,,122.2859429,122.9224521
1603198800,,,,122.2518615,122.8881831
1603198800,,121.8826154,123.6028462,,
1603202400,,,,122.1828389,122.8018009
1603202400,,121.7979474,123.6216842,,
1603206000,,121.7251538,123.6313846,,
1603206000,,,,122.1721092,122.7901023
1603209600,,,,122.199,122.848
1603234800,,,,122.199,122.848
1603260000,,,,121.9869129,122.5773103
1603260000,,121.9712727,122.8454182,,
1603263600,,,,121.8840645,122.5297437
1603263600,,121.8470667,122.7202,,
1603267200,,121.7872143,122.7183571,,
1603267200,,,,121.8767204,122.517019
1603270800,,,,121.9759061,122.6197341
1603270800,,121.9752143,122.736,,
1603274400,,122.15975,122.7865833,,
1603274400,,,,122.1039935,122.7435677
1603278000,,122.2419167,122.8388333,,
1603278000,,,,122.1425689,122.7858574
1603281600,,,,122.0724638,122.7208798
1603281600,,122.1669091,122.7800909,,
1603285200,,122.20875,122.8055625,,
1603285200,,,,122.1003339,122.7506645
1603288800,,122.325,122.9268421,,
1603288800,,,,122.16719,122.8108901
1603288800,122.6405,,,,
1603292400,,122.279,122.8792,,
1603292400,,,,122.1357316,122.7800137
1603296000,,122.258,122.859,,
1603321200,,,,122.115,122.779
1603346400,,,,122.1418582,122.734948
1603346400,,122.2379318,122.8536136,,
1603350000,,122.383,122.9681765,,
1603350000,,,,122.2142508,122.8299762
1603353600,,,,122.1631109,122.7724502
1603353600,,122.3390769,122.9257692,,
1603357200,,,,122.1551706,122.7845034
1603357200,,122.334,122.92075,,
1603360800,,122.293625,122.880125,,
1603360800,,,,122.1133303,122.7400399
1603364400,,,,122.2245573,122.8494205
1603364400,,122.3610833,122.9514167,,
1603368000,,122.4637273,123.0654545,,
1603368000,,,,122.3126509,122.934597
1603371600,,,,122.2207066,122.8355622
1603371600,,122.3966316,123.0015789,,
1603375200,,122.3531429,122.9655,,
1603375200,,,,122.1855778,122.7980317
1603375200,122.767,,,,
1603378800,,122.3005385,122.9046923,,
1603378800,,,,122.0740498,122.6830594
1603407600,,,,122.097,122.707
1603432800,,,,122.2406187,122.8227955
1603432800,,122.3404588,122.9396588,,
1603436400,,122.3445714,122.9426429,,
1603436400,,,,122.1936083,122.8296656
1603440000,,,,122.163299,122.7970784
1603440000,,122.3450833,122.9481667,,
1603443600,,,,122.1162924,122.7406202
1603443600,,122.2976667,122.9022,,
1603447200,,122.277,122.8779286,,
1603447200,,,,122.1336728,122.7410319
1603450800,,122.2441111,122.842,,
1603450800,,,,122.0979806,122.70197
1603454400,,122.2070833,122.8055833,,
1603454400,,,,122.0483595,122.6502386
1603458000,,122.2594545,122.8576364,,
1603458000,,,,122.1420702,122.7529314
1603461600,,122.3531538,122.9509231,,
1603461600,122.805,,,,
1603461600,,,,122.2873448,122.8943317
1603465200,,,,122.3118583,122.92133
1603465200,,122.4313333,123.0284167,,
1603494000,,,,122.351,122.979
1603526400,,,,122.351,122.979
1603548000,,,,122.351,122.979
1603566000,,,,122.351,122.979
1603623600,,,,122.351,122.979
1603670400,,,,122.351,122.979
1603695600,,122.5505789,123.1515439,,
1603695600,,,,122.5819412,123.16282
1603699200,,,,122.5173941,123.1295016
1603699200,,122.507,123.1039167,,
1603702800,,,,122.4847392,123.0879888
1603702800,,122.4664,123.0633,,
1603706400,,122.4253571,123.0218571,,
1603706400,,,,122.421038,123.0249689
1603710000,,,,122.3088761,122.9127993
1603710000,,122.2955833,122.8921667,,
1603713600,,,,122.3558378,122.9571957
1603713600,,122.3629286,122.9608571,,
1603717200,,,,122.2717215,122.8764019
1603717200,,122.2962308,122.8936154,,
1603720800,,,,122.2589762,122.8648111
1603720800,,122.2475714,122.8619286,,
1603724400,,122.3616,122.9716,,
1603724400,,,,122.3758576,122.9862588
1603728000,,122.3835333,122.9893333,,
1603728000,,,,122.3836628,122.9948221
1603756800,,,,122.453,123.079
1603782000,,122.5254848,123.1293939,,
1603782000,,,,122.4681144,123.0820796
1603785600,,122.5594286,123.169,,
1603785600,,,,122.4468583,123.0665765
1603789200,,122.5935,123.2068333,,
1603789200,,,,122.4977284,123.1054447
1603789200,122.986,,,,
1603792800,,122.6338667,123.257,,
1603792800,,,,122.5405506,123.1485549
1603796400,,122.6416667,123.2643333,,
1603796400,,,,122.5431622,123.1494456
1603800000,,122.6605833,123.2836667,,
1603800000,,,,122.556002,123.1649592
1603803600,,,,122.6141252,123.2336173
1603803600,,122.7116,123.3373,,
1603807200,,122.8021667,123.4285556,,
1603807200,,,,122.7233351,123.3427368
1603810800,,,,122.7939779,123.4157666
1603810800,,122.87175,123.5006875,,
1603814400,,,,122.8608351,123.482241
1603814400,,122.9125455,123.5445455,,
1603843200,,,,122.869,123.515
1603868400,,,,123.0871711,123.6225285
1603868400,,122.8970556,123.9280185,,
1603872000,,122.91,123.9124667,,
1603872000,,,,123.0438855,123.6679603
1603875600,,122.9270556,123.8376667,,
1603875600,,,,123.007011,123.6241193
1603879200,,122.90125,123.90025,,
1603879200,,,,123.0418112,123.6631264
1603882800,,,,122.991524,123.6187521
1603882800,,122.9157692,123.8037692,,
1603886400,,122.9160714,123.7916429,,
1603886400,,,,123.0133936,123.6411959
1603890000,,122.9299286,123.6995714,,
1603890000,,,,122.948006,123.5742808
1603893600,,122.9160714,123.5694286,,
1603893600,,,,122.8748442,123.5051825
1603897200,,122.8258,123.45355,,
1603897200,,,,122.7737147,123.4115951
1603900800,,,,122.7853875,123.4168834
1603900800,,122.8444667,123.4670667,,
1603904400,,,,122.79,123.427
1603929600,,,,122.79,123.427
1603954800,,,,122.8009895,123.370692
1603954800,,122.8303315,123.4552609,,
1603958400,,,,122.7212359,123.3624292
1603958400,,122.8187778,123.4167778,,
1603962000,,,,122.7471954,123.393046
1603962000,,122.8403333,123.4384444,,
1603962000,123.067,,,,
1603965600,,122.8686364,123.4667273,,
1603965600,123.146,,,,
1603965600,,,,122.8224057,123.4604976
1603969200,,122.8692,123.4673,,
1603969200,123.126,,,,
1603969200,,,,122.8398657,123.4805388
1603972800,123.035,,,,
1603972800,,122.8332727,123.4312727,,
1603972800,,,,122.8114985,123.4697036
1603976400,123.154,,,,
1603976400,,,,122.8285299,123.4854416
1603976400,,122.8117368,123.423,,
1603980000,,,,122.8264676,123.4877109
1603980000,,122.7882222,123.3945556,,
1603983600,,122.7712222,123.3798889,,
1603983600,,,,122.8072526,123.4683393
1603983600,123.04,,,,
1603987200,,122.7697778,123.3788889,,
1603987200,,,,122.8584772,123.5085483
1603990800,,122.767,123.377,,
1603998000,,122.767,123.377,,
1604016000,,,,122.864,123.518
1604041200,,,,122.726479,123.3266148
1604041200,,122.7147273,123.4065455,,
1604044800,,122.4629286,123.2949286,,
1604044800,,,,122.5260449,123.1943269
1604044800,122.557,,,,
1604048400,,122.4924615,123.2821538,,
1604048400,,,,122.5272113,123.2109562
1604052000,,122.5035,123.4245,,
1604052000,123.052,,,,
1604052000,,,,122.6346248,123.3124372
1604055600,,122.6365455,123.245,,
1604055600,,,,122.61061,123.2814671
1604059200,,,,122.6067216,123.277232
1604059200,,122.6502,123.2589,,
1604062800,,,,122.5386,123.2047571
1604062800,,122.5807273,123.1884545,,
1604066400,,,,122.5612196,123.2180849
1604066400,,122.603,123.211,,
1604070000,,122.5123571,123.1209286,,
1604070000,,,,122.4601679,123.118855
1604073600,,122.5227143,123.1291429,,
1604073600,,,,122.5049239,123.1645453
1604102400,,,,122.514,123.177
1604142000,,,,122.514,123.177
1604167200,,,,122.514,123.177
1604275200,,,,122.514,123.177
1604300400,,122.6782,123.2871,,
1604300400,,,,122.6269812,123.246968
1604304000,,122.6007778,123.2085556,,
1604304000,,,,122.5357271,123.1828066
1604307600,,,,122.4397134,123.0837662
1604307600,,122.5052222,123.1125556,,
1604311200,,,,122.4406307,123.0496513
1604311200,,122.4988571,123.1058571,,
1604314800,,122.5566,123.1643,,
1604314800,,,,122.5192736,123.1282016
1604318400,,122.545,123.1527778,,
1604318400,,,,122.5139817,123.1188569
1604322000,,,,122.4847036,123.1345831
1604322000,,122.5565556,123.1652222,,
1604325600,,,,122.5399235,123.1917038
1604325600,,122.6268,123.2409,,
1604329200,,122.6825,123.2985,,
1604329200,,,,122.5970411,123.2500148
1604332800,,,,122.650135,123.2935433
1604332800,,122.7198571,123.337,,
1604361600,,,,122.667,123.331
1604386800,,122.7278333,123.3324167,,
1604386800,,,,122.602357,123.2058398
1604390400,,122.6252222,123.2233333,,
1604390400,,,,122.4699822,123.132428
1604394000,,122.6208333,123.2190833,,
1604394000,,,,122.4706852,123.1352227
1604397600,,122.6505556,123.2487778,,
1604397600,,,,122.4744756,123.131226
1604401200,,,,122.3653361,123.0194353
1604401200,,122.5544,123.1515,,
1604404800,,122.6529,123.2659,,
1604404800,,,,122.5049745,123.1657211
1604408400,,122.75425,123.367625,,
1604408400,,,,122.5858098,123.2504431
1604412000,,,,122.5768328,123.2413545
1604412000,,122.7682222,123.3787778,,
1604415600,,,,122.5731821,123.2341771
1604415600,,122.7623846,123.3733846,,
1604419200,,122.712625,123.326375,,
1604419200,,,,122.526369,123.191381
1604448000,,,,122.522,123.198
1604462400,,122.051,124.0433333,,
1604466000,,122.017,124.015,,
1604469600,,124.82225,126.97175,,
1604473200,,123.2086364,124.4578636,,
1604473200,,,,123.0015481,123.6701242
1604476800,,,,122.8423443,123.5151659
1604476800,,122.955125,123.558875,,
1604480400,,122.95825,123.562875,,
1604480400,,,,122.863535,123.5224933
1604484000,,,,122.8506137,123.5117152
1604484000,,122.9588889,123.5656667,,
1604487600,,122.866375,123.46925,,
1604487600,,,,122.7276709,123.3851208
1604491200,,122.7479,123.3565,,
1604491200,,,,122.601625,123.2610078
1604494800,,,,122.6936269,123.3452761
1604494800,,122.803,123.4156,,
1604498400,,,,122.8274215,123.4872946
1604498400,,122.868,123.4799,,
1604502000,,,,122.8227232,123.4886425
1604502000,,122.886,123.4973333,,
1604505600,123.351,,,,
1604505600,,,,122.7942909,123.4643498
1604505600,,122.947375,123.558875,,
1604534400,,,,122.788,123.472
1604559600,,123.1244167,123.7345,,
1604559600,,,,123.1227749,123.7368236
1604563200,,123.116,123.7977333,,
1604563200,,,,123.1753135,123.8344486
1604566800,,123.0576667,123.859,,
1604566800,,,,123.2389582,123.9019084
1604570400,,123.067625,123.7485,,
1604570400,,,,123.1654377,123.8242218
1604574000,,,,123.1452494,123.8036441
1604574000,,123.0708,123.7154,,
1604577600,,,,123.0858296,123.747416
1604577600,,123.0702,123.6646,,
1604581200,,123.0552857,123.6372857,,
1604581200,,,,123.0364509,123.7005714
1604584800,,,,123.0219544,123.6982529
1604584800,124.448,,,,
1604584800,,123.1707143,124.6451429,,
1604588400,,,,123.0276088,123.7073067
1604588400,,123.24075,124.83625,,
1604592000,,123.4147,125.0832,,
1604592000,,,,123.0911024,123.7729859
1604620800,,,,123.091,123.788
1604642400,,123.19,123.807,,
1604646000,,,,123.2513163,123.8883367
1604646000,,123.29225,124.3918333,,
1604649600,,,,123.296898,123.9657031
1604653200,,,,123.4218985,124.0884579
1604653200,,123.6365714,124.854,,
1604656800,,,,123.3899932,124.0487722
1604656800,,123.5574286,124.8945714,,
1604660400,,,,123.3942818,124.0525187
1604660400,,123.575,124.8808,,
1604664000,,,,123.3954735,124.0676741
1604664000,,123.6012857,124.856,,
1604667600,,,,123.3248977,123.9969749
1604667600,,123.52425,124.88625,,
1604671200,,123.2665714,125.0082857,,
1604671200,,,,123.1554899,123.8210319
1604674800,,123.1073333,125.0848333,,
1604674800,,,,123.0746541,123.7440036
1604678400,,,,123.1582292,123.8313729
1604678400,,123.2408571,125.0205714,,
1604682000,,123.288,124.998,,
1604707200,,,,123.196,123.892
1604764800,,,,123.196,123.892
1604775600,,,,123.196,123.892
1604782800,,,,123.196,123.892
1604880000,,,,123.196,123.892
1604905200,,,,123.4463909,124.0539409
1604905200,,123.573,124.2665,,
1604908800,,123.8425833,124.46275,,
1604908800,,,,123.6249881,124.2852036
1604912400,,124.4582857,125.0692143,,
1604912400,,,,123.7681716,124.4293412
1604916000,,,,123.8439168,124.5101648
1604916000,,124.12,124.719,,
1604919600,,,,123.8452821,124.5108574
1604919600,,124.230375,124.8225,,
1604923200,,123.6203333,124.1987778,,
1604923200,,,,123.1946037,123.8316974
1604926800,,,,123.325712,123.9806368
1604926800,,123.7205714,124.2921429,,
1604930400,,123.6282,124.1987,,
1604930400,,,,123.1866515,123.8391479
1604934000,,,,123.1086457,123.7677716
1604934000,,123.5672,124.1349,,
1604937600,,,,123.0772359,123.7345653
1604937600,,123.490375,124.051625,,
1604941200,,123.461,124.022,,
1604941200,,,,123.066,123.731
1604966400,,,,123.066,123.731
1604991600,,,,123.1842759,123.840642
1604991600,,123.4216364,123.9565455,,
1604995200,124.181,,,,
1604995200,,,,123.1738882,123.8415902
1604995200,,123.4210625,123.916625,,
1604998800,,123.5911667,124.08575,,
1604998800,,,,123.0931522,123.7687269
1605002400,,123.9069474,124.4013158,,
1605002400,,,,123.1413348,123.8275923
1605006000,,,,123.1905808,123.8701991
1605006000,,123.8232,124.3016667,,
1605006000,124.034,,,,
1605009600,,123.7497857,124.2259286,,
1605009600,,,,123.175339,123.8647101
1605013200,,123.7395385,124.2209231,,
1605013200,,,,123.1004337,123.7839262
1605016800,,,,123.0547858,123.7346795
1605016800,,123.7725,124.252,,
1605020400,,,,123.0656102,123.7379255
1605020400,123.619,,,,
1605020400,,123.63225,124.1101667,,
1605024000,,,,123.0598978,123.7373714
1605024000,,123.479,123.95475,,
1605027600,123.956,,,,
1605031200,,123.715,124.191,,
1605052800,,,,123.045,123.737
1605078000,,123.66025,124.124,,
1605078000,,,,122.9554444,123.6022893
1605081600,,123.6895714,124.107,,
1605081600,,,,123.0172441,123.711747
1605085200,,123.718625,124.128875,,
1605085200,,,,123.081191,123.7782315
1605088800,,,,123.2381212,123.9370248
1605088800,,123.7439,124.1533,,
1605092400,,,,123.3821909,124.0633036
1605092400,,123.76025,124.18075,,
1605096000,,123.7467273,124.171,,
1605096000,,,,123.5231619,124.2000425
1605096000,123.682,,,,
1605099600,,123.6313333,124.0528333,,
1605099600,,,,123.6424228,124.3247816
1605103200,,123.643,124.0641667,,
1605103200,,,,123.6864615,124.3626013
1605106800,,,,123.6801902,124.3318551
1605106800,123.998,,,,
1605106800,,123.6405,124.061875,,
1605110400,,123.865875,124.282375,,
1605110400,,,,123.6319685,124.294669
1605139200,,,,123.677,124.349
1605164400,,123.9126154,124.3023077,,
1605164400,,,,123.8231439,124.4427942
1605168000,,,,123.715963,124.4202101
1605168000,,123.9576,124.3211,,
1605171600,,,,123.6578119,124.3637829
1605171600,,123.8146,124.3378,,
1605171600,124.302,,,,
1605175200,,,,123.6487201,124.3549725
1605175200,,123.6704375,124.3784375,,
1605175200,123.328,,,,
1605178800,,,,123.7600598,124.4677684
1605178800,,123.17125,124.1915,,
1605182400,,123.1658333,124.22075,,
1605182400,,,,123.7914417,124.4991415
1605186000,,,,123.7838735,124.4911551
1605186000,,123.1935714,124.2647143,,
1605189600,,123.1914444,124.2692222,,
1605189600,,,,123.8174206,124.5256402
1605193200,,123.1616,124.432,,
1605193200,,,,123.9066425,124.613131
1605196800,,123.1566364,124.4863636,,
1605196800,,,,123.9375216,124.6460639
1605200400,,123.156,124.488,,
1605225600,,,,123.959,124.681
1605250800,,,,124.189993,124.8043614
1605250800,,124.1825,124.646625,,
1605254400,,123.5700526,124.6473158,,
1605254400,,,,124.093036,124.7871319
1605258000,,,,124.0369182,124.7321389
1605258000,,123.5001111,124.7547778,,
1605258000,124.325,,,,
1605261600,,,,124.0162626,124.7053267
1605261600,,124.0817143,124.714,,
1605265200,124.375,,,,
1605265200,,,,124.0737296,124.76975
1605265200,,124.108875,124.7415,,
1605268800,124.6065,,,,
1605268800,,124.2466667,124.88,,
1605268800,,,,124.1960108,124.8759555
1605272400,,124.3301,124.9701,,
1605272400,,,,124.2462136,124.9175108
1605276000,,,,124.202125,124.8862896
1605276000,,124.315625,124.95575,,
1605279600,,124.2932222,124.934,,
1605279600,,,,124.1523735,124.8493133
1605283200,,,,124.1121465,124.8073809
1605283200,,124.2824286,124.9231429,,
1605286800,,,,124.115,124.844
1605312000,,,,124.115,124.844
1605319200,,,,124.115,124.844
1605362400,,,,124.115,124.844
1605376800,,,,124.115,124.844
1605380400,,,,124.115,124.844
1605384000,,,,124.115,124.844
1605441600,,,,124.115,124.844
1605484800,,,,124.115,124.844
1605510000,,,,124.2600869,124.8895541
1605510000,,124.0150909,124.941,,
1605513600,,,,124.2574848,124.9400562
1605513600,,124.3576,124.975,,
1605517200,,,,124.3618495,125.0400108
1605517200,,124.3827778,125.0134444,,
1605520800,,,,124.3350759,124.9977009
1605520800,,124.3858,125.0176,,
1605524400,,124.4024286,125.035,,
1605524400,,,,124.2478693,124.9221471
1605528000,,124.2626364,124.8954545,,
1605528000,,,,123.8930367,124.5735264
1605531600,,124.307375,124.93975,,
1605531600,,,,124.0501595,124.7380945
1605535200,,124.38225,125.01425,,
1605535200,,,,124.2400757,124.9291484
1605538800,125.004,,,,
1605538800,,,,124.309103,124.9933597
1605538800,,124.4366364,125.0710909,,
1605542400,,,,124.2598863,124.9390217
1605542400,,124.5865455,125.2265455,,
1605571200,,,,124.248,124.943
1605596400,,124.6891538,125.3440769,,
1605596400,,,,124.2832419,124.9439977
1605600000,,,,124.2303116,124.9241268
1605600000,,124.6573333,125.338,,
1605603600,,,,124.2987411,124.9846344
1605603600,,124.6976,125.3378,,
1605607200,,,,124.3472623,125.0327825
1605607200,,124.7101667,125.3473333,,
1605610800,,124.7131,125.3509,,
1605610800,,,,124.3362394,125.0290614
1605614400,,,,124.3613303,125.0544908
1605614400,,124.72625,125.362875,,
1605618000,,124.7657273,125.4004545,,
1605618000,,,,124.4518445,125.176187
1605621600,,124.7860909,125.4216364,,
1605621600,,,,124.4793539,125.2039779
1605625200,,124.7898889,125.4247778,,
1605625200,,,,124.465438,125.1945725
1605628800,,124.80225,125.43725,,
1605628800,,,,124.4910066,125.2162086
1605632400,,124.822,125.457,,
1605657600,,,,124.516,125.261
1605682800,,,,124.6817894,125.3365495
1605682800,,123.8185672,125.0013433,,
1605686400,,124.7836364,125.4199091,,
1605686400,,,,124.6233696,125.3319449
1605690000,,,,124.5560954,125.2674246
1605690000,,124.738,125.3742857,,
1605693600,,,,124.591092,125.3031198
1605693600,,124.7557,125.3919,,
1605697200,,124.7555556,125.392,,
1605697200,,,,124.5728309,125.2872488
1605700800,,124.7177143,125.3541429,,
1605700800,,,,124.5349658,125.2467534
1605704400,,124.7743,125.4101,,
1605704400,,,,124.5904119,125.3040949
1605708000,,,,124.4867543,125.2004659
1605708000,,124.666,125.3025556,,
1605711600,,124.685,125.3218333,,
1605711600,,,,124.4463684,125.1613026
1605715200,,124.687875,125.32475,,
1605715200,,,,124.4570976,125.1730803
1605718800,,,,124.426,125.156
1605718800,,124.688,125.325,,
1605722400,,124.6465,125.2815,,
1605744000,,,,124.426,125.156
1605769200,,,,124.5855098,125.1773496
1605769200,,124.6859714,125.3204571,,
1605772800,,124.7223,125.3580333,,
1605772800,,,,124.5832928,125.2668108
1605776400,,124.7622286,125.3984286,,
1605776400,,,,124.648452,125.3468929
1605780000,,,,124.6151471,125.3153007
1605780000,,124.6617273,125.2970455,,
1605783600,,124.6867576,125.3222727,,
1605783600,,,,124.640253,125.3391171
1605787200,,,,124.6205383,125.3196424
1605787200,,124.6696957,125.3051739,,
1605790800,,,,124.6074312,125.3056393
1605790800,,124.6558235,125.2910882,,
1605794400,,124.6927692,125.3284359,,
1605794400,,,,124.6523232,125.3495892
1605798000,,,,124.6535914,125.347
1605798000,,124.6862105,125.3217368,,
1605798000,125.003,,,,
1605801600,,124.7351304,125.370913,,
1605801600,,,,124.6321547,125.3222
1605805200,,124.716,125.352,,
1605830400,,,,124.626,125.335
1605855600,,124.7932857,125.4252381,,
1605855600,,,,124.7606689,125.3799067
1605859200,,124.7581552,125.3899138,,
1605859200,,,,124.6724006,125.3689014
1605862800,,124.7092281,125.340614,,
1605862800,,,,124.6390888,125.3353618
1605866400,,124.7348814,125.3664237,,
1605866400,,,,124.6705222,125.3657133
1605870000,,124.7737759,125.4055172,,
1605870000,,,,124.7258096,125.4155623
1605873600,,,,124.7476935,125.4527849
1605873600,,124.7894314,125.4213725,,
1605877200,,124.8675,125.500119,,
1605877200,,,,124.8309286,125.5289286
1605880800,,,,124.7906903,125.4858547
1605880800,,124.8460182,125.4788545,,
1605884400,,124.8471887,125.4798868,,
1605884400,,,,124.7953943,125.4917736
1605888000,,,,124.8133826,125.506698
1605888000,,124.8645116,125.4974186,,
1605891600,,124.867,125.5,,
1605898800,,124.867,125.5,,
1605916800,,,,124.79,125.503
1605981600,,,,124.79,125.503
1605985200,,,,124.79,125.503
1605988800,,,,124.79,125.503
1606089600,,,,124.79,125.503
1606114800,,,,124.918916,125.561722
1606114800,,124.9285,125.5651,,
1606118400,,,,124.8458076,125.5485652
1606118400,,124.967575,125.604825,,
1606122000,,124.8967727,125.5334545,,
1606122000,,,,124.7763089,125.4729443
1606125600,,,,124.8106331,125.5145247
1606125600,,124.9527,125.5897,,
1606129200,,,,124.7929253,125.4843973
1606129200,,124.9408462,125.5780769,,
1606132800,,,,124.7413597,125.3978284
1606132800,,124.8664545,125.5031364,,
1606136400,,,,124.7540645,125.4048032
1606136400,,124.8752712,125.5117966,,
1606140000,,124.9446364,125.5818788,,
1606140000,,,,124.8230837,125.4714811
1606143600,,,,124.8244013,125.4687373
1606143600,,124.9513636,125.5886364,,
1606147200,,,,124.842413,125.4807157
1606147200,,124.9541538,125.5915,,
1606150800,,,,124.874,125.538
1606176000,,,,124.874,125.538
1606201200,,,,124.7559913,125.3673831
1606201200,,124.7574062,125.3926875,,
1606204800,,124.8586,125.4921,,
1606204800,,,,124.7656956,125.4027618
1606208400,,,,124.8592622,125.5188336
1606208400,,124.935,125.5728889,,
1606212000,,124.9686471,125.6064118,,
1606212000,,,,124.8690262,125.5334925
1606215600,,,,124.9081022,125.5746152
1606215600,,125.0158889,125.6529444,,
1606219200,,125.0619231,125.6981538,,
1606219200,,,,124.9613656,125.6272549
1606222800,,125.0417143,125.6791429,,
1606222800,,,,124.9579411,125.6111455
1606226400,,,,125.000819,125.6525272
1606226400,,125.0920667,125.7298667,,
1606230000,,,,124.9993316,125.6506368
1606230000,,125.1048158,125.7429211,,
1606233600,,,,124.9205471,125.5734508
1606233600,,125.0279286,125.6655,,
1606262400,,,,124.856,125.537
1606287600,,,,124.8596403,125.4423823
1606287600,,124.651,125.2816667,,
1606291200,,,,124.8317051,125.4875647
1606291200,,124.9905952,125.5993571,,
1606294800,,,,124.9596843,125.6128264
1606294800,,125.1199118,125.7299412,,
1606298400,,,,125.003327,125.6664452
1606298400,,125.1358529,125.7415588,,
1606302000,,125.1548889,125.7604,,
1606302000,,,,125.0433087,125.7094368
1606305600,,,,124.9991295,125.6640239
1606305600,,125.1214231,125.7267692,,
1606309200,,,,124.9834063,125.6458546
1606309200,,125.0913846,125.6986923,,
1606312800,,125.1374,125.7429,,
1606312800,,,,124.99211,125.6496165
1606316400,,125.1462222,125.7480278,,
1606316400,,,,125.0250338,125.686
1606320000,,,,124.9685499,125.6271234
1606320000,,125.10112,125.70708,,
1606323600,,124.7243333,125.3283333,,
1606327200,,124.7203333,125.3246667,,
1606348800,,,,124.922,125.595
1606374000,,,,124.90269,125.4677493
1606374000,,124.903625,125.5065,,
1606377600,,124.9633333,125.5683333,,
1606377600,,,,124.8808768,125.5794018
1606377600,125.159,,,,
1606381200,,,,124.9487305,125.6493932
1606381200,,125.0128235,125.6218235,,
1606384800,,,,124.9811592,125.6757197
1606384800,,125.0302143,125.6393571,,
1606388400,,,,124.9727773,125.6705237
1606388400,,125.0287778,125.641,,
1606392000,,,,124.9910505,125.691843
1606392000,,125.0327895,125.6452105,,
1606395600,,,,125.0606261,125.7736014
1606395600,,125.1051176,125.7133529,,
1606399200,,,,125.0331444,125.7424621
1606399200,,124.9888947,125.5885789,,
1606402800,,124.9739815,125.5564259,,
1606402800,,,,125.0390607,125.7447732
1606406400,,,,125.0624426,125.7651762
1606406400,,124.9928868,125.5631698,,
1606435200,,,,125.069,125.787
1606460400,,124.997,125.5982424,,
1606460400,,,,125.0960521,125.7214566
1606464000,,124.9886724,125.5830345,,
1606464000,,,,125.0423015,125.7498323
1606467600,,,,125.055464,125.7632192
1606467600,,125.0110926,125.6054259,,
1606471200,,125.0717797,125.6525085,,
1606471200,,,,125.1052524,125.8158762
1606474800,,125.0559231,125.6417308,,
1606474800,,,,125.0713169,125.7708831
1606478400,,125.0359608,125.6213529,,
1606478400,,,,125.0495689,125.7408429
1606482000,,125.0299828,125.6164655,,
1606482000,,,,125.0307108,125.7303527
1606485600,,125.0138113,125.6038679,,
1606485600,,,,124.9882569,125.6949028
1606489200,,125.0552182,125.6456909,,
1606489200,,,,125.0132657,125.715913
1606492800,,125.0760182,125.6665091,,
1606492800,,,,125.0474371,125.7486367
1606496400,,125.0702,125.66,,
1606518000,,,,125.076,125.788
1606521600,,,,125.076,125.788
1606572000,,,,125.076,125.788
1606590000,,,,125.076,125.788
1606694400,,,,125.076,125.788
1606716000,,124.926,125.497,,
1606719600,,125.0957917,125.6738542,,
1606719600,,,,125.1303055,125.7929332
1606723200,,,,125.1011194,125.7987328
1606723200,,125.2128438,125.8034219,,
1606726800,,125.1323559,125.7231356,,
1606726800,,,,124.9934555,125.695716
1606730400,,,,125.0895499,125.7932978
1606730400,,125.2139231,125.8050962,,
1606734000,,125.1590172,125.7498276,,
1606734000,,,,124.9975837,125.7022472
1606737600,,125.0620526,125.6522281,,
1606737600,,,,124.8919331,125.6011304
1606741200,,125.1131695,125.7038814,,
1606741200,,,,124.9472226,125.6546419
1606744800,,,,124.9485577,125.6820079
1606744800,125.311,,,,
1606744800,,125.1199831,125.7107288,,
1606748400,,125.0770492,125.666377,,
1606748400,,,,124.945687,125.6657872
1606752000,,125.0256167,125.6105333,,
1606752000,,,,124.9065147,125.6095904
1606755600,,125.005,125.589,,
1606780800,,,,124.898,125.604
1606802400,,125.128,125.718,,
1606806000,,,,124.9727379,125.5963354
1606806000,,125.08524,125.67842,,
1606809600,,125.1110984,125.7073443,,
1606809600,,,,124.9546703,125.6538901
1606813200,,,,124.7934829,125.5048063
1606813200,,124.9876094,125.5831719,,
1606816800,,,,124.7525852,125.4669713
1606816800,,124.9635893,125.5584107,,
1606820400,,,,124.8197979,125.5319827
1606820400,,125.0123214,125.6070536,,
1606824000,,,,124.8659776,125.5793168
1606824000,,125.04794,125.64314,,
1606827600,,,,124.7566947,125.4683985
1606827600,,124.9802459,125.5752459,,
1606831200,,,,124.608369,125.3237063
1606831200,,124.8279344,125.4208361,,
1606834800,,,,124.4587459,125.1593566
1606834800,125.227,,,,
1606834800,,124.7277639,125.3184444,,
1606838400,,,,124.3760111,125.0876292
1606838400,,124.6577344,125.2534844,,
1606842000,,124.656,125.252,,
1606867200,,,,124.423,125.142
1606892400,,124.5523488,125.1525581,,
1606892400,,,,124.3438237,124.9651203
1606896000,,,,124.3933587,125.1057477
1606896000,,124.5755185,125.1744444,,
1606899600,,124.54108,125.13428,,
1606899600,,,,124.3251649,125.0290333
1606903200,,,,124.3729725,125.0689644
1606903200,,124.56855,125.16195,,
1606906800,,,,124.4108815,125.1060292
1606906800,,124.6152632,125.2085789,,
1606910400,,124.6230741,125.217037,,
1606910400,,,,124.4394033,125.120185
1606914000,,,,124.3521318,125.0337955
1606914000,,124.5886,125.18332,,
1606917600,,124.5865,125.1808077,,
1606917600,,,,124.3402729,125.0211692
1606921200,,124.5984375,125.1934063,,
1606921200,,,,124.3694277,125.0503935
1606924800,,124.6690303,125.2656515,,
1606924800,,,,124.4030912,125.0961856
1606928400,,,,124.397,125.102
1606953600,,,,124.397,125.102
1606978800,,124.7208163,125.3337143,,
1606978800,,,,124.5360471,125.1541294
1606982400,,124.7183684,125.3316842,,
1606982400,,,,124.489312,125.179429
1606986000,,,,124.5892177,125.2878289
1606986000,,124.8662,125.4791333,,
1606989600,,124.9292941,125.5425,,
1606989600,,,,124.6896267,125.3896329
1606993200,,125.0020333,125.6135333,,
1606993200,,,,124.7749157,125.4731669
1606996800,,,,124.7784703,125.4737844
1606996800,,125.0090667,125.6187333,,
1607000400,,,,124.7215204,125.415717
1607000400,,124.9678421,125.5807105,,
1607004000,,,,124.7636056,125.4545385
1607004000,,124.9794884,125.5925116,,
1607007600,,125.007125,125.611525,,
1607007600,,,,124.7869155,125.4747966
1607011200,,,,124.8424394,125.5426257
1607011200,,124.9883636,125.6016667,,
1607014800,,,,124.95,125.652
1607040000,,,,124.95,125.652
1607065200,,,,125.0744296,125.6634081
1607065200,,125.169,125.79175,,
1607068800,,125.2735333,125.8993333,,
1607068800,,,,125.0954509,125.7730522
1607072400,,125.3001667,125.9281111,,
1607072400,,,,125.1066151,125.7781638
1607076000,,,,125.0693517,125.7585994
1607076000,,125.2270769,125.8511538,,
1607079600,,,,125.0595789,125.7443898
1607079600,,125.3161538,125.9410769,,
1607083200,,125.3608696,125.9861304,,
1607083200,,,,125.1057086,125.7939879
1607086800,,,,125.1073175,125.7931422
1607086800,,125.4007742,126.0270968,,
1607090400,,,,125.0073465,125.6910866
1607090400,,125.2741,125.8991667,,
1607094000,,125.2660435,125.8912174,,
1607094000,,,,124.994535,125.6741545
1607097600,,,,124.9682366,125.6578205
1607097600,,125.2341724,125.8588276,,
1607126400,,,,125.02,125.727
1607180400,,,,125.02,125.727
1607194800,,,,125.02,125.727
1607198400,,,,125.02,125.727
1607299200,,,,125.02,125.727
1607324400,,,,125.2539027,125.8794195
1607324400,,125.3777297,125.9905135,,
1607328000,,,,125.407531,126.0874493
1607328000,,125.5319726,126.1452603,,
1607331600,,125.5538,126.1679231,,
1607331600,,,,125.4228853,126.1035093
1607335200,,,,125.400704,126.0866875
1607335200,,125.5461061,126.1581667,,
1607338800,,,,125.3833622,126.0690689
1607338800,,125.5061061,126.1157879,,
1607342400,,125.4918511,126.1007447,,
1607342400,,,,125.3690063,126.0526195
1607346000,,125.4970517,126.1006379,,
1607346000,,,,125.3702905,126.0554334
1607349600,,,,125.3583921,126.0446326
1607349600,,125.4826897,126.0863966,,
1607353200,,,,125.4291833,126.1180376
1607353200,,125.5344643,126.1380893,,
1607356800,,,,125.4592782,126.1514556
1607356800,,125.5660317,126.1694762,,
1607360400,,,,125.432,126.131
1607360400,,125.5715,126.179,,
1607385600,,,,125.432,126.131
1607407200,,125.578,126.194,,
1607410800,,125.6065,126.2396724,,
1607410800,,,,125.5620586,126.2492037
1607414400,,,,125.5811021,126.2827177
1607414400,,125.4822381,126.3348095,,
1607418000,,125.471371,126.2959516,,
1607418000,,,,125.5503905,126.2523107
1607421600,126.003,,,,
1607421600,,,,125.6454295,126.3490781
1607421600,,125.4940476,126.4167619,,
1607425200,,,,125.5912533,126.2938898
1607425200,,125.6136833,126.3149333,,
1607428800,,125.6815192,126.3262308,,
1607428800,,,,125.6128142,126.316618
1607432400,,,,125.6341648,126.336032
1607432400,,125.6696333,126.3769167,,
1607436000,,,,125.743814,126.4382607
1607436000,,125.7154444,126.502127,,
1607439600,,,,125.8666578,126.5701962
1607439600,,125.872541,126.5809016,,
1607443200,,125.8372258,126.5653226,,
1607443200,,,,125.839373,126.5359877
1607472000,,,,125.782,126.496
1607493600,,125.666,126.276,,
1607497200,,125.6042778,126.506963,,
1607497200,,,,125.7401897,126.4491429
1607500800,,125.7952456,126.4064386,,
1607500800,,,,125.6683783,126.3917582
1607504400,,125.7984615,126.4096923,,
1607504400,,,,125.6840782,126.4040067
1607508000,,125.7916731,126.4022885,,
1607508000,,,,125.6530797,126.3727254
1607511600,,,,125.6485027,126.3693447
1607511600,,125.7841961,126.3953333,,
1607515200,,125.7845625,126.3956667,,
1607515200,,,,125.6556369,126.3762454
1607518800,,125.8189643,126.4263393,,
1607518800,,,,125.7021607,126.4260154
1607522400,,125.8554746,126.4586271,,
1607522400,,,,125.7358486,126.4600862
1607522400,126.076,,,,
1607526000,,,,125.7210517,126.4602806
1607526000,126.078,,,,
1607526000,,125.8286071,126.4398214,,
1607529600,,125.8598214,126.4713929,,
1607529600,,,,125.7708561,126.5054778
1607558400,,,,125.779,126.492
1607583600,,,,125.8897072,126.5361217
1607583600,,125.90762,126.51696,,
1607587200,,125.8955472,126.5143774,,
1607587200,,,,125.7851013,126.5464933
1607590800,,125.9138462,126.5332692,,
1607590800,,,,125.8161062,126.5815201
1607594400,,,,125.8837043,126.6405857
1607594400,,125.9708448,126.5904138,,
1607598000,,,,125.902067,126.6612841
1607598000,,125.9900755,126.6098302,,
1607601600,,126.0122308,126.6313846,,
1607601600,,,,125.9004679,126.6684571
1607605200,,125.7873452,126.4053452,,
1607605200,,,,125.639537,126.3919373
1607608800,,125.7089437,126.3270141,,
1607608800,,,,125.5967244,126.3432
1607612400,,125.769129,126.3876613,,
1607612400,,,,125.6267273,126.3768405
1607616000,,,,125.6627367,126.4051551
1607616000,,125.7822373,126.4008475,,
1607619600,,125.802,126.421,,
1607619600,,,,125.7,126.448
1607644800,,,,125.7,126.448
1607670000,,,,125.7953827,126.5196592
1607670000,,125.8150833,126.4325556,,
1607673600,,125.8945246,126.5120492,,
1607673600,,,,125.8750018,126.6134087
1607677200,,,,125.9747116,126.7256674
1607677200,,126.0017797,126.6118814,,
1607680800,,,,126.0152689,126.7774545
1607680800,,126.0571228,126.6649123,,
1607684400,,,,126.0487916,126.814763
1607684400,,126.0636731,126.6791731,,
1607688000,,126.1148393,126.730625,,
1607688000,,,,126.1015625,126.85325
1607691600,,,,126.0690738,126.8189262
1607691600,,126.0724032,126.687871,,
1607695200,,,,126.0336052,126.7841876
1607695200,,126.0320893,126.6471429,,
1607695200,126.461,,,,
1607698800,,126.1143065,126.7305645,,
1607698800,,,,126.0156678,126.773648
1607702400,,126.1810179,126.7978214,,
1607702400,,,,125.9958569,126.7594695
1607731200,,,,126.001,126.768
1607785200,,,,126.001,126.768
1607799600,,,,126.001,126.768
1607904000,,,,126.001,126.768
1607929200,,,,125.8582926,126.5236165
1607929200,,125.9396226,126.5536415,,
1607932800,,126.0040862,126.6192414,,
1607932800,,,,125.8154203,126.5703339
1607936400,,126.0603333,126.6759833,,
1607936400,,,,125.8630168,126.6316828
1607940000,,,,125.8252127,126.5735964
1607940000,,126.0224909,126.6377636,,
1607943600,,,,125.7774265,126.5214369
1607943600,,125.9606364,126.5753273,,
1607947200,,,,125.7772716,126.5056396
1607947200,,125.9485263,126.5624211,,
1607950800,,,,125.6765782,126.406936
1607950800,,125.8654677,126.4781935,,
1607954400,126.04,,,,
1607954400,,,,125.6989102,126.4566048
1607954400,,125.9041455,126.5168909,,
1607958000,,,,125.7553619,126.5172833
1607958000,,125.8091818,126.4235455,,
1607961600,,125.8335818,126.4433091,,
1607961600,,,,125.7960339,126.5484464
1607965200,,125.852,126.461,,
1607990400,,,,125.804,126.557
1608015600,,,,125.8633535,126.5633401
1608015600,,125.8695238,126.4874524,,
1608019200,,125.8090806,126.4264194,,
1608019200,,,,125.7982986,126.5636201
1608022800,,125.7734483,126.390569,,
1608022800,,,,125.7334887,126.5232371
1608026400,,,,125.7676288,126.5500236
1608026400,,125.7938983,126.4096102,,
1608030000,,125.8493333,126.4660417,,
1608030000,,,,125.834706,126.6169397
1608033600,,125.8533265,126.4693061,,
1608033600,,,,125.8252974,126.614719
1608037200,,125.8588302,126.4751509,,
1608037200,,,,125.8239088,126.6152719
1608040800,,125.7962593,126.4115,,
1608040800,,,,125.7561498,126.537599
1608044400,,,,125.7169913,126.4962017
1608044400,,125.7634643,126.3776964,,
1608048000,,125.7279355,126.3459516,,
1608048000,,,,125.6534785,126.4350523
1608051600,,125.719,126.338,,
1608076800,,,,125.638,126.444
1608102000,,,,125.7092056,126.4178873
1608102000,,125.800766,126.4239362,,
1608105600,,125.745,126.3714231,,
1608105600,,,,125.5554059,126.2984907
1608109200,,125.6244483,126.2496207,,
1608109200,,,,125.4193081,126.1685354
1608112800,,,,125.3527951,126.0980797
1608112800,,125.56025,126.183375,,
1608116400,,,,125.2831968,126.0299357
1608116400,,125.4923226,126.1111935,,
1608120000,,125.41552,126.041,,
1608120000,,,,125.1681413,125.9269638
1608123600,,125.400625,126.0286875,,
1608123600,,,,125.0765589,125.8257273
1608127200,,,,125.0505033,125.8026279
1608127200,,125.3257419,125.9548065,,
1608130800,,125.3616452,125.9876129,,
1608130800,,,,125.0905343,125.8440829
1608134400,,125.3752973,126.0244595,,
1608134400,,,,125.1543702,125.9057719
1608138000,,125.406,126.029,,
1608163200,,,,125.166,125.916
1608188400,,,,125.1483139,125.8419917
1608188400,,125.2601333,125.8806667,,
1608192000,,,,125.2007746,125.9330017
1608192000,,125.3722444,125.9928667,,
1608195600,,,,125.3385131,126.0798427
1608195600,,125.5553333,126.1778,,
1608199200,,125.5771071,126.1997857,,
1608199200,,,,125.344241,126.0964821
1608202800,,125.5249677,126.1473548,,
1608202800,,,,125.3052612,126.0590519
1608206400,,,,125.3717736,126.1289463
1608206400,,125.577,126.19956,,
1608210000,,125.5724242,126.1946364,,
1608210000,,,,125.3718129,126.1274119
1608213600,,,,125.4641334,126.2220565
1608213600,126.052,,,,
1608213600,,125.6677308,126.2907692,,
1608217200,,,,125.437877,126.1946198
1608217200,,125.6824815,126.3045556,,
1608220800,,125.5860333,126.2036667,,
1608220800,,,,125.3210066,126.071103
1608249600,,,,125.253,126.024
1608274800,,125.6031304,126.2252826,,
1608274800,,,,125.3564575,126.0852757
1608278400,,,,125.1690016,125.9236436
1608278400,,125.4475606,126.0688636,,
1608282000,,,,125.0611433,125.8244928
1608282000,,125.3295517,125.947931,,
1608285600,,,,125.0304352,125.7936512
1608285600,,125.3245833,125.9428833,,
1608289200,,,,125.0922329,125.8546969
1608289200,,125.3828983,126.001678,,
1608292800,,,,125.152068,125.9155581
1608292800,,125.4287368,126.0482456,,
1608296400,,125.4874727,126.1073455,,
1608296400,,,,125.2370735,126.0010703
1608300000,,,,125.3150827,126.0813052
1608300000,,125.5630517,126.1834483,,
1608303600,,125.5298036,126.1496429,,
1608303600,,,,125.2650499,126.0348955
1608307200,,125.5123889,126.1313704,,
1608307200,,,,125.2525815,126.0417554
1608310800,,125.502,126.121,,
1608310800,,,,125.239,126.065
1608336000,,,,125.239,126.065
1608382800,,,,125.239,126.065
1608390000,,,,125.239,126.065
1608404400,,,,125.239,126.065
1608465600,,,,125.239,126.065
1608508800,,,,125.239,126.065
1608530400,,125.618,126.235,,
1608534000,,125.8330714,126.4618214,,
1608534000,,,,125.732417,126.4891547
1608537600,,125.9543913,126.5832609,,
1608537600,,,,125.7113255,126.5167414
1608541200,,,,125.5994317,126.4019833
1608541200,,125.82292,126.45312,,
1608544800,,,,125.6636278,126.4469879
1608544800,,125.8161786,126.4472857,,
1608548400,,125.7282857,126.3589286,,
1608548400,,,,125.5683477,126.3735613
1608552000,,125.7079412,126.3382353,,
1608552000,,,,125.5685132,126.3684619
1608555600,,,,125.5732906,126.375243
1608555600,,125.7171176,126.3470588,,
1608559200,,,,125.3812519,126.1827176
1608559200,,125.6397812,126.2660938,,
1608562800,,,,125.3041275,126.108381
1608562800,,125.5393182,126.1682727,,
1608566400,,125.5368889,126.1630556,,
1608566400,,,,125.3154011,126.1055342
1608595200,,,,125.292,126.078
1608620400,,125.565875,126.1668333,,
1608620400,,,,125.4311044,126.1352913
1608624000,,,,125.4353,126.2282492
1608624000,,125.6266857,126.2342286,,
1608627600,,125.5642727,126.1704848,,
1608627600,,,,125.3446454,126.14737
1608631200,,125.586,126.1919643,,
1608631200,,,,125.3337915,126.1340673
1608634800,,125.4146774,126.0208065,,
1608634800,,,,125.1821444,125.9818556
1608638400,,125.3748571,125.976381,,
1608638400,,,,125.1751551,125.9738366
1608642000,,125.4419032,126.0380323,,
1608642000,,,,125.2503792,126.0469534
1608645600,,,,125.3461388,126.1583788
1608645600,,125.5504483,126.1464483,,
1608649200,,,,125.3781298,126.203366
1608649200,,125.5697647,126.1678824,,
1608652800,,125.5399091,126.1399091,,
1608652800,,,,125.4017122,126.2326954
1608681600,,,,125.436,126.264
1608706800,,,,125.4826806,126.1372194
1608706800,,125.5646087,126.1707826,,
1608710400,,125.6085238,126.2126905,,
1608710400,,,,125.4399044,126.2442817
1608714000,,,,125.460213,126.273382
1608714000,,125.6075556,126.2035833,,
1608717600,,125.5654,126.1576571,,
1608717600,,,,125.3897748,126.2093039
1608721200,,,,125.3553158,126.1791488
1608721200,,125.524037,126.1082222,,
1608724800,,,,125.3237826,126.1427656
1608724800,,125.4861304,126.0703478,,
1608728400,,,,125.297977,126.1114574
1608728400,,125.4614545,126.0450909,,
1608732000,,,,124.8173333,125.6436353
1608732000,,125.0864576,125.6670339,,
1608735600,,124.9466812,125.5251739,,
1608735600,,,,124.740138,125.5849049
1608739200,,124.9610976,125.5403415,,
1608739200,,,,124.7490922,125.6024147
1608742800,,125.053,125.634,,
1608768000,,,,124.851,125.682
1608793200,,,,124.9995278,125.5824444
1608793200,,125.0141111,125.6447778,,
1608796800,,125.0056949,125.6364237,,
1608796800,,,,124.8677055,125.7140982
1608800400,,,,124.9098079,125.7798124
1608800400,,125.0434683,125.6747697,,
1608804000,,125.0276385,125.6584115,,
1608804000,,,,124.8925791,125.7488929
1608807600,,124.9822157,125.6148039,,
1608807600,,,,124.8410789,125.7235833
1608811200,,124.9381447,125.6437237,,
1608811200,,,,124.780291,125.7770164
1608814800,,124.9141379,125.6856552,,
1608814800,,,,124.7220349,125.8390291
1608818400,,124.9220656,125.6821639,,
1608818400,,,,124.724,125.8421884
1608822000,,,,124.6485026,125.8638187
1608822000,,124.8543521,125.674493,,
1608825600,,124.8796795,125.7389615,,
1608825600,,,,124.6548377,125.9278052
1608854400,,,,124.67,125.927
1608940800,,,,124.67,125.927
1608948000,,,,124.67,125.927
1608994800,,,,124.67,125.927
1609009200,,,,124.67,125.927
1609070400,,,,124.67,125.927
1609142400,,,,124.8129796,125.6417959
1609146000,,124.8693571,125.503881,,
1609146000,,,,124.7624014,125.58919
1609149600,,124.8686981,125.5036604,,
1609149600,,,,124.7151753,125.6276375
1609153200,,,,124.760229,125.681029
1609153200,,124.9180566,125.5528679,,
1609156800,,124.8729123,125.5111228,,
1609156800,,,,124.7202168,125.644535
1609160400,,124.9095614,125.5501579,,
1609160400,,,,124.7576854,125.7047903
1609164000,,,,124.7843238,125.730153
1609164000,,124.9392558,125.5802558,,
1609167600,,124.9224314,125.5634314,,
1609167600,,,,124.7666219,125.7102332
1609171200,,,,124.8880267,125.7445733
1609171200,,124.9950789,125.638,,
1609200000,,,,124.935,125.792
1609221600,,125.056,125.693,,
1609225200,,125.3899726,126.0314658,,
1609225200,,,,125.2080275,125.9512294
1609228800,,125.2658974,125.8844872,,
1609228800,,,,125.1223643,125.9476411
1609232400,,125.3375556,125.9297778,,
1609232400,,,,125.155122,125.9603461
1609236000,,,,125.1910783,126.003771
1609236000,,125.3751905,125.9677619,,
1609239600,,125.3790625,125.9715,,
1609239600,,,,125.189552,126.015608
1609243200,,,,125.1842194,126.005365
1609243200,,125.3801111,125.9717222,,
1609246800,,,,125.1357633,125.9458807
1609246800,,125.3842667,125.9758,,
1609250400,,,,125.15925,125.9617905
1609250400,,125.4694286,126.0597143,,
1609254000,,125.5051667,126.0961111,,
1609254000,,,,125.1842429,125.9627555
1609257600,,,,125.2228278,125.998826
1609257600,,125.549625,126.1405625,,
1609261200,,,,125.215,125.995
1609286400,,,,125.215,125.995
1609311600,,125.3986047,125.9895116,,
1609311600,,,,125.2187123,125.8498771
1609315200,,125.3364918,125.9268852,,
1609315200,,,,125.0167531,125.7761769
1609318800,,125.3179483,125.9083621,,
1609318800,,,,124.9587189,125.7402396
1609322400,,125.2978491,125.8883396,,
1609322400,,,,124.9420213,125.7312738
1609326000,,,,124.974673,125.7728824
1609326000,,125.3357586,125.9259138,,
1609329600,,125.4657407,126.0527407,,
1609329600,,,,125.0162326,125.814783
1609333200,,125.5590702,126.147807,,
1609333200,,,,125.1219948,125.9215759
1609336800,,125.6103273,126.1977091,,
1609336800,,,,125.1921938,125.9733941
1609340400,,125.6262931,126.2142931,,
1609340400,,,,125.2039866,125.9745946
1609344000,,,,125.1853425,125.9544144
1609344000,,125.6088868,126.1972264,,
1609372800,,,,125.158,125.95
1609394400,,125.476,126.065,,
1609398000,,125.46225,126.0530714,,
1609398000,,,,125.3401316,125.9932368
1609401600,,,,125.2526573,125.9968075
1609401600,,125.3765672,125.9690821,,
1609405200,,,,125.2513188,125.9759855
1609405200,,125.3663662,125.9588662,,
1609408800,,,,125.2472985,125.9974776
1609408800,,125.3725827,125.9652283,,
1609412400,,,,125.2482616,126.0278837
1609412400,,125.384359,125.9770513,,
1609416000,,,,125.2675317,126.0421854
1609416000,,125.4014425,125.994,,
1609419600,,125.3651224,126.2733878,,
1609419600,,,,125.3931111,126.1340139
1609423200,,,,125.4288133,126.1839337
1609423200,,125.4036339,126.3106161,,
1609426800,,125.4067604,126.3135,,
1609426800,,,,125.4410787,126.1794101
1609430400,,125.4042857,126.310898,,
1609430400,,,,125.436907,126.1784651
1609434000,,125.385,126.293,,
1609459200,,,,125.397,126.169
1609545600,,,,125.397,126.169
1609599600,,,,125.397,126.169
1609614000,,,,125.397,126.169
1609743600,,125.2181875,126.12675,,
1609743600,,,,125.2138566,125.9058419
1609747200,,,,125.4875126,126.2531541
1609747200,,125.6195581,126.5047907,,
1609750800,,125.8623043,126.7443913,,
1609750800,,,,125.6463767,126.4187399
1609754400,,125.7691648,126.6562747,,
1609754400,,,,125.7218252,126.4818551
1609758000,,125.7421529,126.6291059,,
1609758000,,,,125.6919634,126.4562213
1609761600,,,,125.6197138,126.3783248
1609761600,,125.6703636,126.5567922,,
1609765200,,,,125.5531592,126.3151178
1609765200,,125.6031087,126.488837,,
1609768800,,125.5218241,126.4069907,,
1609768800,,,,125.475909,126.2348889
1609772400,,,,125.7316581,126.497881
1609772400,,125.8362705,126.7234262,,
1609776000,,,,125.8014043,126.5608676
1609776000,,125.8932985,126.7784627,,
1609804800,,,,125.868,126.63
1609830000,,125.8812785,126.7569747,,
1609830000,,,,125.8046091,126.5902349
1609833600,,,,125.7227759,126.4828041
1609833600,,125.7623125,126.6350781,,
1609837200,,125.7436545,126.6243636,,
1609837200,,,,125.6982373,126.4542962
1609840800,,,,125.7106232,126.463525
1609840800,,125.7541923,126.6349615,,
1609844400,,,,125.7154842,126.4702905
1609844400,,125.8376429,126.5365179,,
1609848000,,,,125.7129947,126.4675636
1609848000,,125.8797544,126.4773333,,
1609851600,,125.8748689,126.4734262,,
1609851600,,,,125.7311363,126.4877615
1609855200,,125.8809688,126.4850625,,
1609855200,,,,125.7416694,126.5000245
1609858800,,125.8012742,126.4071774,,
1609858800,,,,125.6730385,126.4325508
1609862400,,125.7844531,126.3821094,,
1609862400,,,,125.6476688,126.4001775
1609866000,,125.7205,126.3195,,
1609891200,,,,125.597,126.354
1609916400,,,,125.3128584,126.0358442
1609916400,,125.3700645,125.9618387,,
1609920000,,,,125.327744,126.079747
1609920000,,125.4038108,125.9935405,,
1609923600,,,,125.4641971,126.2207711
1609923600,,125.5416528,126.1452778,,
1609927200,,125.5125902,126.1054098,,
1609927200,,,,125.4262859,126.1873586
1609930800,,,,125.486465,126.2456598
1609930800,,125.5968333,126.1844833,,
1609930800,126.27,,,,
1609934400,126.213,,,,
1609934400,,125.9426333,126.5395667,,
1609934400,,,,125.6447512,126.3856573
1609938000,,125.9578235,126.5548235,,
1609938000,,,,125.7814246,126.5242785
1609941600,,,,125.8486358,126.5902284
1609941600,,125.9455507,126.5451884,,
1609945200,,,,125.7490348,126.493121
1609945200,,125.8749844,126.4784375,,
1609948800,,125.8983393,126.513,,
1609948800,,,,125.8086557,126.5453591
1609952400,,125.906,126.524,,
1609977600,,,,125.875,126.64
1609999200,,125.433,126.021,,
1610002800,,125.6888333,126.4013939,,
1610002800,,,,125.7867685,126.5034056
1610006400,,,,125.9150863,126.6670092
1610006400,,125.9930645,126.562371,,
1610010000,,126.0398871,126.6107097,,
1610010000,,,,126.0049598,126.7575301
1610013600,,126.1173286,126.6876857,,
1610013600,,,,126.1633532,126.9231327
1610017200,,,,126.2814925,127.0369129
1610017200,,126.1997656,126.7786406,,
1610020800,,126.124619,126.7136825,,
1610020800,,,,126.2065637,126.9695987
1610024400,,126.1019744,126.6920769,,
1610024400,,,,126.1982775,126.9512313
1610028000,,126.0030465,126.6098605,,
1610028000,,,,126.0883661,126.8412839
1610031600,,125.9392857,126.5143651,,
1610031600,,,,126.0302624,126.7840102
1610035200,,125.9420164,126.530082,,
1610035200,,,,126.0145886,126.7620751
1610038800,,126.01,126.621,,
1610064000,,,,126.098,126.86
1610089200,,126.244125,126.73675,,
1610089200,,,,126.1118484,126.8010352
1610092800,,,,126.1497978,126.898326
1610092800,,126.6124324,126.9626757,,
1610096400,,126.6513077,127.0017308,,
1610096400,,,,126.2071506,126.9653028
1610100000,,126.7066,127.0583,,
1610100000,,,,126.2947878,127.055655
1610103600,,,,126.2687536,127.0315474
1610103600,,126.6450769,126.9992308,,
1610107200,,,,126.2869351,127.0422824
1610107200,,126.6592308,127.0002692,,
1610110800,,,,126.3065794,127.0711694
1610110800,,126.6686774,126.9937742,,
1610114400,,126.73584,127.05736,,
1610114400,,,,126.3687377,127.1370966
1610118000,,,,126.3862724,127.1266625
1610118000,,126.7911176,127.1054706,,
1610121600,,,,126.3419325,127.0748305
1610121600,,126.6996667,127.1254722,,
1610150400,,,,126.331,127.09
1610154000,,,,126.331,127.09
1610208000,,,,126.331,127.09
1610218800,,,,126.331,127.09
1610280000,,,,126.331,127.09
1610348400,,,,126.5008987,127.2140327
1610348400,,126.6830286,127.2398286,,
1610352000,,,,126.3997788,127.1385172
1610352000,,126.6233478,127.1784493,,
1610355600,,126.5940937,127.1509375,,
1610355600,,,,126.4042268,127.1420144
1610359200,,,,126.4399116,127.180085
1610359200,,126.6006909,127.157,,
1610362800,,,,126.4249137,127.1661743
1610362800,,126.5600769,127.1163269,,
1610366400,,,,126.4400268,127.1825796
1610366400,,126.593193,127.1431754,,
1610370000,,126.5393387,127.0778226,,
1610370000,,,,126.3344129,127.0772465
1610373600,,,,126.1926746,126.9327712
1610373600,,126.4555789,126.9645526,,
1610377200,,,,126.1257107,126.858978
1610377200,,126.3383043,126.8202899,,
1610380800,,,,126.084125,126.8153351
1610380800,,126.1722143,126.6272321,,
1610384400,,126.159,126.614,,
1610409600,,,,126.093,126.826
1610424000,,126.309,126.829,,
1610434800,,,,125.9983366,126.6942681
1610434800,,126.0558919,126.5764865,,
1610438400,,125.9868519,126.4954815,,
1610438400,,,,125.9783344,126.6947843
1610442000,,125.9596333,126.4403667,,
1610442000,126.0815,,,,
1610442000,,,,125.8312693,126.5505616
1610445600,,125.8598793,126.3451034,,
1610445600,,,,125.769406,126.4887215
1610449200,,125.8668393,126.3548214,,
1610449200,,,,125.7719445,126.492037
1610452800,,125.8712593,126.3692963,,
1610452800,,,,125.764732,126.480799
1610456400,,,,125.7472457,126.4394883
1610456400,126.08,,,,
1610456400,,125.8496349,126.3482698,,
1610460000,,,,125.7579296,126.437529
1610460000,,125.9097647,126.4034118,,
1610463600,,125.8919672,126.3827049,,
1610463600,,,,125.6610777,126.3383011
1610467200,,125.849322,126.3264746,,
1610467200,,,,125.6050872,126.2828275
1610467200,125.954,,,,
1610496000,,,,125.604,126.291
1610521200,,,,125.8512276,126.4462518
1610521200,,125.904614,126.4037368,,
1610524800,,,,125.9340335,126.6066555
1610524800,,126.024,126.5409091,,
1610528400,,125.9876032,126.5069683,,
1610528400,,,,125.9047917,126.5750382
1610532000,,125.9896562,126.5089687,,
1610532000,,,,125.8946633,126.5650216
1610535600,,,,125.8679167,126.5351359
1610535600,,125.9984727,126.5173818,,
1610539200,,125.9787241,126.4974655,,
1610539200,,,,125.8312559,126.511363
1610542800,,126.0365179,126.5555714,,
1610542800,,,,125.9183766,126.5919046
1610546400,,126.1566349,126.6757778,,
1610546400,,,,126.0470755,126.7021903
1610550000,,,,126.142321,126.7919984
1610550000,,126.2389661,126.744678,,
1610553600,,126.2742222,126.7730185,,
1610553600,,,,126.1482163,126.8106903
1610557200,,126.3241667,126.8113333,,
1610582400,,,,126.111,126.796
1610607600,,,,126.2563984,126.8051874
1610607600,,126.5083636,126.8464545,,
1610611200,,,,126.2584544,126.8917632
1610611200,,126.4606667,126.7568571,,
1610614800,,,,126.3501864,127.0057559
1610614800,,126.5528235,126.871,,
1610618400,,126.512,126.826875,,
1610618400,,,,126.2843569,126.9484899
1610622000,,,,126.3365149,126.9908278
1610622000,,126.5549545,126.8705455,,
1610625600,,126.6220417,126.9375,,
1610625600,,,,126.396068,127.0595717
1610629200,,,,126.4582322,127.1065581
1610629200,,126.6515217,126.912087,,
1610629200,126.302,,,,
1610632800,,,,126.5182222,127.1631381
1610632800,,126.5385469,126.7873906,,
1610636400,,126.5018103,126.7131207,,
1610636400,,,,126.4834498,127.1261793
1610640000,,,,126.4633806,127.1179235
1610640000,,126.5185,126.7292308,,
1610643600,,,,126.433,127.091
1610668800,,,,126.433,127.091
1610694000,,,,126.5140673,127.1028701
1610694000,,126.780973,126.9951081,,
1610697600,,126.6786154,126.7868615,,
1610697600,,,,126.3422025,127.0030848
1610701200,,126.5464324,126.6837297,,
1610701200,,,,126.2845591,126.9401281
1610704800,,126.5142903,126.6639677,,
1610704800,,,,126.2460773,126.8936235
1610708400,,,,126.2682,126.9075582
1610708400,,126.5089706,126.6664118,,
1610712000,,126.5231613,126.6727742,,
1610712000,,,,126.2849534,126.9337133
1610715600,,,,126.2649461,126.9069043
1610715600,,126.527871,126.6800968,,
1610719200,,126.4796486,126.6391081,,
1610719200,,,,126.2263339,126.8743654
1610722800,,126.4430714,126.6021786,,
1610722800,,,,126.2835164,126.9414977
1610726400,,,,126.2490911,126.9125342
1610726400,,126.4436471,126.5898235,,
1610730000,,,,126.254,126.936
1610730000,,126.431,126.577,,
1610755200,,,,126.254,126.936
1610794800,,,,126.254,126.936
1610812800,,,,126.254,126.936
1610823600,,,,126.254,126.936
1610953200,,,,126.30925,126.9663235
1610953200,,126.189,126.7143333,,
1610956800,,,,126.2728505,126.9481511
1610956800,,126.2027059,126.7331176,,
1610960400,,,,126.1790507,126.8569899
1610960400,,126.1312258,126.6660645,,
1610964000,,126.0306667,126.5622083,,
1610964000,,,,126.076507,126.7443217
1610967600,,,,126.0266298,126.7014377
1610967600,,125.9765517,126.5104483,,
1610971200,,125.8651556,126.3959333,,
1610971200,,,,125.9488745,126.601083
1610974800,,,,125.8761081,126.5343568
1610974800,,125.7577273,126.2886364,,
1610978400,,125.6811786,126.2117143,,
1610978400,,,,125.857197,126.4852481
1610982000,,,,125.8292771,126.4853314
1610982000,,125.6614848,126.1908182,,
1610985600,,,,125.8447566,126.5153222
1610985600,,125.6748438,126.2031875,,
1610989200,,,,125.849,126.538
1611014400,,,,125.849,126.538
1611039600,,125.6445484,126.1619355,,
1611039600,,,,125.7658643,126.3517844
1611043200,,125.7161379,126.2681724,,
1611043200,,,,125.739134,126.3963019
1611046800,,125.6995106,126.2535532,,
1611050400,,125.6980851,126.2529362,,
1611054000,,,,125.7068186,126.3519027
1611054000,,125.6778421,126.2288947,,
1611057600,,,,125.703953,126.350698
1611057600,,125.6943056,126.2464722,,
1611061200,,125.6951667,126.2506667,,
1611061200,,,,125.7110186,126.3500165
1611064800,,,,125.6997143,126.3384774
1611064800,,125.6970303,126.2561818,,
1611068400,,,,125.7195816,126.3663785
1611068400,,125.7142973,126.2736216,,
1611072000,,,,125.8356306,126.4837327
1611072000,,125.811,126.3763871,,
1611100800,,,,125.828,126.489
1611126000,,,,125.8236741,126.3934216
1611126000,,125.7408889,126.2675,,
1611129600,,,,125.813161,126.4660356
1611129600,,125.9083947,126.3412368,,
1611133200,,,,125.8294599,126.4776008
1611133200,,125.9528611,126.38475,,
1611136800,,,,125.9101705,126.5509617
1611136800,,126.01192,126.45308,,
1611140400,,,,125.9007325,126.5379868
1611140400,,126.0041304,126.4451304,,
1611144000,,126.0107667,126.4491333,,
1611144000,,,,125.8896617,126.5314765
1611147600,,125.9943478,126.4346087,,
1611147600,,,,125.8802192,126.5242968
1611151200,126.275,,,,
1611151200,,,,125.9502159,126.594727
1611151200,,126.0644737,126.5155263,,
1611154800,,,,125.9549062,126.5924142
1611154800,,126.0608776,126.5101429,,
1611158400,,126.0778846,126.5303462,,
1611158400,,,,125.9671686,126.5993872
1611187200,,,,125.955,126.604
1611212400,,126.1539231,126.6046154,,
1611212400,,,,126.0266512,126.6153079
1611216000,,126.1791875,126.6427813,,
1611216000,,,,126.049408,126.6806869
1611219600,,,,126.0251384,126.6449979
1611219600,,126.1608276,126.622,,
1611223200,,,,125.9342422,126.5571453
1611223200,,126.0838148,126.5188519,,
1611226800,,126.0562,126.4997714,,
1611226800,,,,125.9221704,126.5443584
1611230400,,126.0792571,126.5268,,
1611230400,,,,125.9062108,126.5374679
1611234000,,,,125.7432676,126.3828263
1611234000,,125.9754762,126.4221905,,
1611237600,,125.9298286,126.3749714,,
1611237600,,,,125.7381611,126.3779149
1611241200,,,,125.6509371,126.2880918
1611241200,,125.8655833,126.3062083,,
1611244800,,125.8865238,126.359,,
1611244800,,,,125.713289,126.3480532
1611248400,,,,125.718,126.357
1611248400,,125.915,126.397,,
1611273600,,,,125.718,126.357
1611298800,,,,125.7159143,126.2872762
1611298800,,125.8323571,126.3581429,,
1611302400,,,,125.7750955,126.4167682
1611302400,,125.8910625,126.4506875,,
1611306000,,,,125.748643,126.3766365
1611306000,,125.79225,126.3379,,
1611309600,,,,125.8062031,126.4339978
1611309600,,125.8374375,126.3886875,,
1611313200,,,,125.8344231,126.4573333
1611313200,,125.8248889,126.376,,
1611316800,,125.9031818,126.4545909,,
1611316800,,,,125.9222115,126.538744
1611320400,,125.9397333,126.4913333,,
1611320400,,,,125.9416622,126.5567686
1611324000,,125.852875,126.4000833,,
1611324000,,,,125.8891881,126.5137862
1611327600,,,,125.8582869,126.4817705
1611327600,,125.8431538,126.3938462,,
1611331200,,,,125.8112158,126.4382718
1611331200,,125.8084091,126.3537727,,
1611331200,126.11,,,,
1611334800,,,,125.802,126.44
1611342000,,125.783,126.33,,
1611360000,,,,125.802,126.44
1611363600,,,,125.802,126.44
1611421200,,,,125.802,126.44
1611428400,,,,125.802,126.44
1611432000,,,,125.802,126.44
1611561600,,,,125.8651602,126.5072641
1611561600,,125.7412581,126.2576774,,
1611565200,,125.8021333,126.3199333,,
1611565200,,,,125.91364,126.5461867
1611568800,,125.8741786,126.3368571,,
1611568800,,,,125.8932526,126.5262595
1611572400,,,,125.8392409,126.471538
1611572400,,125.7938636,126.172,,
1611576000,,125.8122222,126.1906667,,
1611576000,,,,125.8596157,126.4867983
1611579600,,,,125.9207143,126.5344042
1611579600,,125.9042273,126.2827727,,
1611583200,,,,125.9142915,126.5123834
1611583200,,125.8738889,126.3163704,,
1611586800,,,,125.8917209,126.4905714
1611586800,,125.8811818,126.4031212,,
1611590400,,,,125.8766041,126.464829
1611590400,,125.8834333,126.4063667,,
1611594000,,125.862,126.382,,
1611619200,,,,125.842,126.44
1611644400,,125.9572778,126.5133333,,
1611644400,,,,125.8613565,126.4511348
1611648000,,,,125.7522366,126.3708486
1611648000,,125.8306471,126.3824706,,
1611651600,,,,125.6471569,126.2759416
1611651600,,125.6471667,126.194,,
1611655200,,125.5826087,126.1308261,,
1611655200,,,,125.6391882,126.2505111
1611658800,,,,125.5578545,126.1664964
1611658800,,125.4919091,126.0345758,,
1611662400,,125.4302778,125.9799444,,
1611662400,,,,125.5091916,126.1289434
1611666000,,125.5078,126.0594,,
1611666000,,,,125.5576405,126.1738866
1611669600,,,,125.5312122,126.1479374
1611669600,,125.4815556,126.0288889,,
1611673200,,125.5414118,126.0770882,,
1611673200,,,,125.4922162,126.1089396
1611676800,,125.39525,125.93425,,
1611676800,,,,125.4446637,126.0566691
1611705600,,,,125.441,126.063
1611730800,,125.2582353,125.8069412,,
1611730800,,,,125.3390365,125.9182837
1611734400,,,,125.3481285,125.9598182
1611734400,,125.2470435,125.7788696,,
1611738000,,,,125.3494069,125.9581688
1611738000,,125.2591143,125.7959143,,
1611741600,,,,125.2953781,125.8981957
1611741600,,125.2128333,125.7493611,,
1611745200,125.559,,,,
1611745200,,125.1584091,125.6858182,,
1611745200,,,,125.2666672,125.8743311
1611748800,,,,125.3893102,125.9971984
1611752400,,,,125.3773355,125.9831145
1611756000,125.763,,,,
1611756000,,,,125.3827333,125.9946844
1611759600,125.32,,,,
1611759600,,,,125.3250515,125.9325273
1611763200,,,,125.2198776,125.8251156
1611792000,,,,125.172,125.807
1611817200,,124.9695909,125.4980909,,
1611817200,,,,125.1563327,125.7778297
1611820800,,,,124.8697218,125.4810241
1611824400,,,,124.7918417,125.3888715
1611828000,,,,124.7138471,125.3114756
1611831600,,,,124.6003101,125.1959748
1611835200,,,,124.5830372,125.1824907
1611838800,,,,124.5671317,125.1742297
1611842400,,,,124.4040159,125.0259777
1611846000,,,,124.5007635,125.1317476
1611846000,124.913,,,,
1611849600,,,,124.5929872,125.198633
1611878400,,,,124.571,125.182
1611903600,,,,124.5161737,125.1129025
1611907200,,,,124.4788765,125.1002099
1611910800,,,,124.4006477,125.025862
1611914400,124.713,,,,
1611914400,,,,124.3989257,125.0144354
1611918000,,,,124.3083036,124.9114158
1611921600,,,,124.3929964,124.9925072
1611925200,,,,124.3423867,124.9292477
1611928800,,,,124.3634049,124.9400613
1611932400,125.15,,,,
1611932400,,,,124.4329403,125.0296141
1611936000,,,,124.5236179,125.1188537
1611964800,,,,124.543,125.154
1611993600,,,,124.543,125.154
1612004400,,,,124.543,125.154
1612008000,,,,124.543,125.154
1612026000,,,,124.543,125.154
1612033200,,,,124.543,125.154
1612080000,,,,124.543,125.154
1612162800,,,,124.5952257,125.1518924
1612166400,,,,124.5604288,125.1541408
1612170000,,,,124.5017803,125.0923066
1612173600,,,,124.6311738,125.2335955
1612177200,,,,124.6718253,125.2683885
1612180800,,,,124.639,125.24025
1612184400,,,,124.591286,125.1942545
1612188000,,,,124.5539136,125.1573792
1612188000,,124.899,125.336,,
1612188000,125.001,,,,
1612191600,,124.9303214,125.3683036,,
1612191600,,,,124.6030521,125.2094185
1612195200,,124.9761429,125.4145893,,
1612195200,,,,124.6772332,125.2804727
1612198800,,124.992,125.43,,
1612224000,,,,124.701,125.316
1612249200,,124.956625,125.424125,,
1612249200,,,,124.6471869,125.2186858
1612252800,,,,124.6412978,125.2307837
1612252800,,124.9480426,125.4271064,,
1612256400,,,,124.6445171,125.2423168
1612256400,,125.0475116,125.5714884,,
1612260000,,125.028325,125.558975,,
1612260000,,,,124.6734664,125.2710618
1612263600,,,,124.6746442,125.2725885
1612263600,,125.08112,125.55236,,
1612267200,,,,124.6111389,125.2212111
1612267200,,125.0304286,125.5556,,
1612270800,,125.0052187,125.5280312,,
1612270800,,,,124.6214214,125.2086874
1612274400,,125.0859412,125.5669706,,
1612274400,,,,124.6954219,125.2655764
1612278000,125.069,,,,
1612278000,,125.0806596,125.5603404,,
1612278000,,,,124.7257653,125.3132203
1612281600,,125.1317321,125.6120714,,
1612281600,125.08,,,,
1612281600,,,,124.8019798,125.384086
1612285200,,125.142,125.584,,
1612310400,,,,124.853,125.458
1612335600,,124.9214848,125.3157576,,
1612335600,,,,124.6645295,125.2276004
1612339200,,124.7437,125.0042667,,
1612339200,,,,124.6539569,125.2583308
1612342800,125.03,,,,
1612342800,,124.8955185,125.0806667,,
1612342800,,,,124.735988,125.3276855
1612346400,,124.911371,125.0957903,,
1612346400,,,,124.8194276,125.4191111
1612350000,,124.9636452,125.1491129,,
1612350000,,,,124.9119898,125.5225263
1612353600,,,,124.9802849,125.5787059
1612353600,,125.0261404,125.2128421,,
1612357200,,,,124.9168201,125.5148478
1612357200,,124.9678276,125.1575862,,
1612360800,125.239,,,,
1612360800,,124.9612,125.1595167,,
1612360800,,,,124.93133,125.52433
1612364400,,,,124.8745977,125.4527152
1612364400,,124.9864091,125.1878788,,
1612364400,125.211,,,,
1612368000,,,,124.864381,125.4609088
1612368000,,124.8945,125.1070357,,
1612371600,,124.7905,124.9885,,
1612396800,,,,124.826,125.454
1612418400,,124.674,124.858,,
1612422000,,124.9515424,125.1397458,,
1612422000,,,,124.783589,125.3283356
1612425600,,125.0510964,125.2476988,,
1612425600,,,,124.8386321,125.4346304
1612429200,,,,124.8356137,125.4362799
1612429200,,125.0295,125.2230119,,
1612432800,,125.0486154,125.2136282,,
1612432800,,,,124.8670457,125.4583497
1612436400,,125.049,125.1943333,,
1612436400,,,,124.8485618,125.4416534
1612440000,,,,124.773036,125.3664048
1612440000,,124.9796538,125.1297564,,
1612443600,,,,124.7025065,125.2800539
1612443600,,124.9156907,125.0750619,,
1612443600,125.076,,,,
1612447200,,,,124.6735118,125.2495651
1612447200,,124.8509351,125.0147792,,
1612450800,,,,124.639198,125.2149422
1612450800,,124.8413816,125.0106316,,
1612454400,,,,124.6919315,125.2786981
1612454400,,124.9050435,125.0737536,,
1612458000,,124.902,125.069,,
1612483200,,,,124.677,125.296
1612504800,,124.902,125.098,,
1612508400,,,,124.7599116,125.3149206
1612508400,,124.9450682,125.13025,,
1612512000,,,,124.7707088,125.3665892
1612512000,,124.9826835,125.1431266,,
1612515600,,125.0152698,125.1729206,,
1612515600,,,,124.8093165,125.4083831
1612519200,,124.9005714,125.0644286,,
1612519200,,,,124.6679154,125.2697276
1612522800,,,,124.5511664,125.1581492
1612522800,,124.7429855,124.924,,
1612526400,,,,124.463862,125.0630539
1612526400,,124.7109438,124.8610899,,
1612530000,,,,124.4618331,125.0560796
1612530000,,124.7006198,124.851843,,
1612533600,,124.7185194,124.9135814,,
1612533600,,,,124.5201691,125.1169868
1612537200,,124.902898,125.100949,,
1612537200,,,,124.6743287,125.2774388
1612540800,,,,124.6568034,125.253539
1612540800,,124.8860156,125.1088281,,
1612544400,,124.921,125.155,,
1612551600,,124.871,125.105,,
1612569600,,,,124.713,125.316
1612573200,,,,124.713,125.316
1612612800,,,,124.713,125.316
1612627200,,,,124.713,125.316
1612634400,,,,124.713,125.316
1612638000,,,,124.713,125.316
1612641600,,,,124.713,125.316
1612699200,,,,124.713,125.316
1612742400,,,,124.713,125.316
1612767600,,124.7618611,125.2951389,,
1612767600,,,,124.5231341,125.0843648
1612771200,,124.6728544,125.2700874,,
1612771200,,,,124.3956798,124.9786995
1612774800,,,,124.4622203,125.0421299
1612774800,,124.6803733,125.2213867,,
1612778400,,,,124.4781048,125.0567107
1612778400,,124.6650822,125.1700137,,
1612782000,,124.6403538,125.1464615,,
1612782000,,,,124.4681823,125.0488325
1612785600,,124.7142059,125.2207794,,
1612785600,,,,124.5331078,125.1186009
1612789200,,124.7192658,125.2254557,,
1612789200,,,,124.5313663,125.1170504
1612792800,,124.7125775,125.2172535,,
1612792800,,,,124.5632911,125.1498444
1612796400,,124.7056164,125.211137,,
1612796400,,,,124.5908327,125.1841713
1612800000,,,,124.7710021,125.3513758
1612800000,,124.82775,125.3329444,,
1612803600,,124.782,125.276,,
1612828800,,,,124.796,125.388
1612854000,,,,124.7163502,125.2921304
1612854000,,124.7952963,125.2924074,,
1612857600,,,,124.7280871,125.3095989
1612857600,,124.8262472,125.3226517,,
1612861200,,124.9163492,125.4226984,,
1612861200,,,,124.8605032,125.4457322
1612864800,,,,124.8532964,125.4362339
1612864800,,124.8947606,125.4103803,,
1612868400,,,,124.8351102,125.4147711
1612868400,,124.8768889,125.3944603,,
1612872000,,,,124.7618784,125.3441815
1612872000,,124.7927857,125.3150429,,
1612875600,,124.6909551,125.2186854,,
1612875600,125.028,,,,
1612875600,,,,124.6962471,125.2825916
1612879200,,,,124.6863504,125.2720899
1612879200,,124.6505795,125.1886932,,
1612882800,,124.7428158,125.2805921,,
1612882800,,,,124.7541088,125.3391689
1612886400,,124.73475,125.2681,,
1612886400,,,,124.8003888,125.38646
1612890000,,124.72,125.254,,
1612890000,,,,124.79,125.388
1612915200,,,,124.79,125.388
1612936800,,124.795,125.288,,
1612940400,,,,124.7124665,125.3052526
1612940400,,124.6158723,125.127617,,
1612944000,,124.6211053,125.1368947,,
1612944000,,,,124.7424152,125.3350018
1612947600,,,,124.7335874,125.3273736
1612947600,,124.6267541,125.142918,,
1612951200,,,,124.7344038,125.3263547
1612951200,,124.6233281,125.1432031,,
1612954800,,124.6949219,125.2091875,,
1612954800,,,,124.7246487,125.3193792
1612958400,,,,124.646213,125.2393484
1612958400,,124.6607778,125.1689365,,
1612962000,,124.5892,125.1001619,,
1612962000,,,,124.6889151,125.2737932
1612965600,,124.6961481,125.2067901,,
1612965600,,,,124.8151036,125.3935045
1612969200,125.124,,,,
1612969200,,,,124.7808407,125.3628506
1612969200,,124.7487901,125.237716,,
1612972800,,,,124.6877133,125.2669267
1612972800,,124.7783944,125.2390563,,
1612976400,,124.744,125.204,,
1613001600,,,,124.657,125.249
1613026800,,124.8957736,125.381,,
1613026800,,,,124.8213735,125.3806148
1613030400,,,,124.9862877,125.5742603
1613030400,,125.0531915,125.5574574,,
1613034000,,,,125.0369304,125.6176007
1613034000,,125.1070267,125.6143867,,
1613037600,,125.1158636,125.6251818,,
1613037600,,,,125.0014827,125.5808758
1613041200,,125.0522813,125.5657812,,
1613041200,,,,124.9693023,125.5464674
1613044800,,,,124.9647717,125.5556398
1613044800,,125.0262188,125.5407656,,
1613048400,,,,124.9932047,125.5865125
1613048400,,125.0483291,125.5624051,,
1613052000,,124.9725432,125.4802099,,
1613052000,,,,124.9543284,125.5417904
1613055600,,,,124.9747439,125.5611471
1613055600,,124.9531094,125.4485938,,
1613059200,,124.9006613,125.392371,,
1613059200,,,,124.9058195,125.4974342
1613062800,,124.881,125.371,,
1613088000,,,,124.899,125.505
1613109600,,125.193,125.71,,
1613113200,,124.842619,125.3486667,,
1613113200,,,,124.8345725,125.398886
1613116800,,124.8558889,125.3615679,,
1613116800,,,,124.8811457,125.4827914
1613120400,,,,124.9342326,125.5221689
1613120400,,124.8712712,125.3721186,,
1613124000,,124.8783692,125.3695538,,
1613124000,,,,124.957563,125.5419778
1613127600,,,,124.916807,125.5019281
1613127600,,124.8611864,125.3420678,,
1613131200,,124.7276625,125.2013625,,
1613131200,,,,124.7714457,125.3595016
1613134800,,,,124.6560564,125.2407315
1613134800,,124.6418796,125.1051667,,
1613138400,,124.554505,125.0180594,,
1613138400,,,,124.5277425,125.1111587
1613142000,,124.4692651,124.9318916,,
1613142000,,,,124.4779306,125.062571
1613145600,,,,124.5052737,125.1029351
1613145600,,124.4951972,124.9659577,,
1613149200,,124.493,124.965,,
1613174400,,,,124.483,125.109
1613203200,,,,124.483,125.109
1613242800,,,,124.483,125.109
1613304000,,,,124.483,125.109
1613347200,,,,124.483,125.109
1613368800,,124.08,124.561,,
1613372400,,124.0749455,124.3933091,,
1613372400,,,,124.0849179,124.6617041
1613376000,,124.2501932,124.5470341,,
1613376000,,,,124.0993423,124.6899038
1613379600,,124.1958706,124.4868235,,
1613379600,,,,124.0072881,124.596761
1613383200,,,,123.9104065,124.5057
1613383200,,124.1082603,124.4109863,,
1613386800,,124.1705942,124.4764928,,
1613386800,,,,123.9784219,124.5700174
1613390400,,124.2241129,124.5835645,,
1613390400,,,,124.021589,124.6083558
1613394000,,,,123.9658229,124.5503941
1613394000,,124.1909701,124.5488955,,
1613397600,,124.1625493,124.5156056,,
1613397600,,,,123.9511081,124.5391403
1613401200,,,,123.9775934,124.5645798
1613401200,,124.1861429,124.5383571,,
1613404800,,124.1568033,124.5178852,,
1613404800,,,,123.9665673,124.5534967
1613408400,,124.136,124.497,,
1613433600,,,,123.949,124.556
1613455200,,123.621,124.003,,
1613458800,,124.26125,124.6645937,,
1613458800,,,,124.0878073,124.6746327
1613462400,,,,124.1117419,124.6988034
1613462400,,124.4254186,124.8231628,,
1613466000,,,,124.0845156,124.6633472
1613466000,,124.3750137,124.7532466,,
1613469600,,,,123.9872439,124.5669772
1613469600,,124.3004211,124.6768553,,
1613473200,,124.2051667,124.5798725,,
1613473200,,,,123.8783612,124.4513202
1613476800,,124.1451687,124.5149759,,
1613476800,,,,123.7875364,124.3579652
1613480400,,,,123.8350815,124.4058723
1613480400,,124.0007959,124.5070714,,
1613484000,,,,123.8105874,124.3799387
1613484000,,123.9573838,124.4652626,,
1613487600,,,,123.7853032,124.355552
1613487600,,123.9557865,124.3475281,,
1613491200,,123.8784,124.2256947,,
1613491200,,,,123.6548567,124.227228
1613494800,,123.835,124.186,,
1613520000,,,,123.597,124.186
1613545200,,123.674375,124.0219375,,
1613545200,,,,123.5242768,124.0875348
1613548800,,,,123.5943694,124.1729873
1613548800,,123.6736186,124.0208144,,
1613552400,,123.7917412,124.1251059,,
1613552400,,,,123.6616748,124.2450976
1613556000,,,,123.7563866,124.3413458
1613556000,,123.8841169,124.2032727,,
1613559600,,123.8925735,124.209,,
1613559600,,,,123.718314,124.3100136
1613563200,,123.8407436,124.1479359,,
1613563200,,,,123.6550661,124.2494946
1613566800,,,,123.5902787,124.1927154
1613566800,,123.7743361,124.0817059,,
1613570400,,,,123.7774779,124.3795118
1613570400,,123.9181789,124.2260976,,
1613574000,,,,123.8545684,124.454345
1613574000,,124.0177791,124.3291977,,
1613577600,,,,123.9042047,124.5038305
1613577600,,124.0551951,124.3763659,,
1613581200,,124.07,124.392,,
1613606400,,,,123.901,124.52
1613628000,,124.158,124.508,,
1613631600,,,,123.8683202,124.4364362
1613631600,,123.9524545,124.302,,
1613635200,,,,123.8106426,124.4124404
1613635200,,123.8834731,124.2344194,,
1613638800,,,,123.8314871,124.4312122
1613638800,,123.9056875,124.260675,,
1613642400,,,,123.75731,124.3584225
1613642400,,123.8495065,124.2051688,,
1613646000,,123.8639718,124.2189577,,
1613646000,,,,123.7796852,124.3805976
1613649600,,123.7668462,124.1208077,,
1613649600,,,,123.6994189,124.2951824
1613653200,,123.7474891,124.1009239,,
1613653200,,,,123.6927055,124.2905785
1613656800,,,,123.5307349,124.128891
1613656800,,123.6315294,123.9847899,,
1613660400,,123.5793738,123.9324112,,
1613660400,,,,123.5013994,124.0989399
1613664000,,123.6976234,124.0512727,,
1613664000,,,,123.6248228,124.2215935
1613667600,,,,123.674,124.277
1613667600,,123.708,124.062,,
1613692800,,,,123.674,124.277
1613714400,,123.681,124.03,,
1613718000,,123.5090595,123.8629048,,
1613718000,,,,123.4245637,123.9674183
1613721600,,,,123.4825296,124.0824517
1613721600,,123.5436055,123.898211,,
1613725200,,123.5565976,123.9124268,,
1613725200,,,,123.4725607,124.0671281
1613728800,,123.5881282,123.9363462,,
1613728800,123.8623333,,,,
1613728800,,,,123.4684296,124.060799
1613732400,,123.6193288,123.9581918,,
1613732400,,,,123.4665291,124.0580719
1613736000,,123.5936418,123.9309104,,
1613736000,,,,123.4550285,124.0417705
1613739600,,123.5103023,123.8550233,,
1613739600,,,,123.3671614,123.9591203
1613743200,,123.4634526,123.8121053,,
1613743200,,,,123.3247068,123.9178025
1613746800,,123.426617,123.7719574,,
1613746800,,,,123.2721459,123.865043
1613750400,,123.4221831,123.7676479,,
1613750400,,,,123.2724259,123.8752054
1613754000,,123.37,123.715,,
1613779200,,,,123.19,123.821
1613829600,,,,123.19,123.821
1613836800,,,,123.19,123.821
1613840400,,,,123.19,123.821
1613847600,,,,123.19,123.821
1613908800,,,,123.19,123.821
1613952000,,,,123.19,123.821
1613973600,,122.819,123.176,,
1613977200,,,,123.099345,123.6421853
1613977200,,123.24748,123.60238,,
1613980800,,,,122.9632023,123.5520694
